fecha_id,fecha,anio,mes,trimestre,nombre_dia
1,2022-01-01,2022,1,1,Saturday
2,2022-01-02,2022,1,1,Sunday
3,2022-01-03,2022,1,1,Monday
4,2022-01-04,2022,1,1,Tuesday
5,2022-01-05,2022,1,1,Wednesday
6,2022-01-06,2022,1,1,Thursday
7,2022-01-07,2022,1,1,Friday
8,2022-01-08,2022,1,1,Saturday
9,2022-01-09,2022,1,1,Sunday
10,2022-01-10,2022,1,1,Monday
11,2022-01-11,2022,1,1,Tuesday
12,2022-01-12,2022,1,1,Wednesday
13,2022-01-13,2022,1,1,Thursday
14,2022-01-14,2022,1,1,Friday
15,2022-01-15,2022,1,1,Saturday
16,2022-01-16,2022,1,1,Sunday
17,2022-01-17,2022,1,1,Monday
18,2022-01-18,2022,1,1,Tuesday
19,2022-01-19,2022,1,1,Wednesday
20,2022-01-20,2022,1,1,Thursday
21,2022-01-21,2022,1,1,Friday
22,2022-01-22,2022,1,1,Saturday
23,2022-01-23,2022,1,1,Sunday
24,2022-01-24,2022,1,1,Monday
25,2022-01-25,2022,1,1,Tuesday
26,2022-01-26,2022,1,1,Wednesday
27,2022-01-27,2022,1,1,Thursday
28,2022-01-28,2022,1,1,Friday
29,2022-01-29,2022,1,1,Saturday
30,2022-01-30,2022,1,1,Sunday
31,2022-01-31,2022,1,1,Monday
32,2022-02-01,2022,2,1,Tuesday
33,2022-02-02,2022,2,1,Wednesday
34,2022-02-03,2022,2,1,Thursday
35,2022-02-04,2022,2,1,Friday
36,2022-02-05,2022,2,1,Saturday
37,2022-02-06,2022,2,1,Sunday
38,2022-02-07,2022,2,1,Monday
39,2022-02-08,2022,2,1,Tuesday
40,2022-02-09,2022,2,1,Wednesday
41,2022-02-10,2022,2,1,Thursday
42,2022-02-11,2022,2,1,Friday
43,2022-02-12,2022,2,1,Saturday
44,2022-02-13,2022,2,1,Sunday
45,2022-02-14,2022,2,1,Monday
46,2022-02-15,2022,2,1,Tuesday
47,2022-02-16,2022,2,1,Wednesday
48,2022-02-17,2022,2,1,Thursday
49,2022-02-18,2022,2,1,Friday
50,2022-02-19,2022,2,1,Saturday
51,2022-02-20,2022,2,1,Sunday
52,2022-02-21,2022,2,1,Monday
53,2022-02-22,2022,2,1,Tuesday
54,2022-02-23,2022,2,1,Wednesday
55,2022-02-24,2022,2,1,Thursday
56,2022-02-25,2022,2,1,Friday
57,2022-02-26,2022,2,1,Saturday
58,2022-02-27,2022,2,1,Sunday
59,2022-02-28,2022,2,1,Monday
60,2022-03-01,2022,3,1,Tuesday
61,2022-03-02,2022,3,1,Wednesday
62,2022-03-03,2022,3,1,Thursday
63,2022-03-04,2022,3,1,Friday
64,2022-03-05,2022,3,1,Saturday
65,2022-03-06,2022,3,1,Sunday
66,2022-03-07,2022,3,1,Monday
67,2022-03-08,2022,3,1,Tuesday
68,2022-03-09,2022,3,1,Wednesday
69,2022-03-10,2022,3,1,Thursday
70,2022-03-11,2022,3,1,Friday
71,2022-03-12,2022,3,1,Saturday
72,2022-03-13,2022,3,1,Sunday
73,2022-03-14,2022,3,1,Monday
74,2022-03-15,2022,3,1,Tuesday
75,2022-03-16,2022,3,1,Wednesday
76,2022-03-17,2022,3,1,Thursday
77,2022-03-18,2022,3,1,Friday
78,2022-03-19,2022,3,1,Saturday
79,2022-03-20,2022,3,1,Sunday
80,2022-03-21,2022,3,1,Monday
81,2022-03-22,2022,3,1,Tuesday
82,2022-03-23,2022,3,1,Wednesday
83,2022-03-24,2022,3,1,Thursday
84,2022-03-25,2022,3,1,Friday
85,2022-03-26,2022,3,1,Saturday
86,2022-03-27,2022,3,1,Sunday
87,2022-03-28,2022,3,1,Monday
88,2022-03-29,2022,3,1,Tuesday
89,2022-03-30,2022,3,1,Wednesday
90,2022-03-31,2022,3,1,Thursday
91,2022-04-01,2022,4,2,Friday
92,2022-04-02,2022,4,2,Saturday
93,2022-04-03,2022,4,2,Sunday
94,2022-04-04,2022,4,2,Monday
95,2022-04-05,2022,4,2,Tuesday
96,2022-04-06,2022,4,2,Wednesday
97,2022-04-07,2022,4,2,Thursday
98,2022-04-08,2022,4,2,Friday
99,2022-04-09,2022,4,2,Saturday
100,2022-04-10,2022,4,2,Sunday
101,2022-04-11,2022,4,2,Monday
102,2022-04-12,2022,4,2,Tuesday
103,2022-04-13,2022,4,2,Wednesday
104,2022-04-14,2022,4,2,Thursday
105,2022-04-15,2022,4,2,Friday
106,2022-04-16,2022,4,2,Saturday
107,2022-04-17,2022,4,2,Sunday
108,2022-04-18,2022,4,2,Monday
109,2022-04-19,2022,4,2,Tuesday
110,2022-04-20,2022,4,2,Wednesday
111,2022-04-21,2022,4,2,Thursday
112,2022-04-22,2022,4,2,Friday
113,2022-04-23,2022,4,2,Saturday
114,2022-04-24,2022,4,2,Sunday
115,2022-04-25,2022,4,2,Monday
116,2022-04-26,2022,4,2,Tuesday
117,2022-04-27,2022,4,2,Wednesday
118,2022-04-28,2022,4,2,Thursday
119,2022-04-29,2022,4,2,Friday
120,2022-04-30,2022,4,2,Saturday
121,2022-05-01,2022,5,2,Sunday
122,2022-05-02,2022,5,2,Monday
123,2022-05-03,2022,5,2,Tuesday
124,2022-05-04,2022,5,2,Wednesday
125,2022-05-05,2022,5,2,Thursday
126,2022-05-06,2022,5,2,Friday
127,2022-05-07,2022,5,2,Saturday
128,2022-05-08,2022,5,2,Sunday
129,2022-05-09,2022,5,2,Monday
130,2022-05-10,2022,5,2,Tuesday
131,2022-05-11,2022,5,2,Wednesday
132,2022-05-12,2022,5,2,Thursday
133,2022-05-13,2022,5,2,Friday
134,2022-05-14,2022,5,2,Saturday
135,2022-05-15,2022,5,2,Sunday
136,2022-05-16,2022,5,2,Monday
137,2022-05-17,2022,5,2,Tuesday
138,2022-05-18,2022,5,2,Wednesday
139,2022-05-19,2022,5,2,Thursday
140,2022-05-20,2022,5,2,Friday
141,2022-05-21,2022,5,2,Saturday
142,2022-05-22,2022,5,2,Sunday
143,2022-05-23,2022,5,2,Monday
144,2022-05-24,2022,5,2,Tuesday
145,2022-05-25,2022,5,2,Wednesday
146,2022-05-26,2022,5,2,Thursday
147,2022-05-27,2022,5,2,Friday
148,2022-05-28,2022,5,2,Saturday
149,2022-05-29,2022,5,2,Sunday
150,2022-05-30,2022,5,2,Monday
151,2022-05-31,2022,5,2,Tuesday
152,2022-06-01,2022,6,2,Wednesday
153,2022-06-02,2022,6,2,Thursday
154,2022-06-03,2022,6,2,Friday
155,2022-06-04,2022,6,2,Saturday
156,2022-06-05,2022,6,2,Sunday
157,2022-06-06,2022,6,2,Monday
158,2022-06-07,2022,6,2,Tuesday
159,2022-06-08,2022,6,2,Wednesday
160,2022-06-09,2022,6,2,Thursday
161,2022-06-10,2022,6,2,Friday
162,2022-06-11,2022,6,2,Saturday
163,2022-06-12,2022,6,2,Sunday
164,2022-06-13,2022,6,2,Monday
165,2022-06-14,2022,6,2,Tuesday
166,2022-06-15,2022,6,2,Wednesday
167,2022-06-16,2022,6,2,Thursday
168,2022-06-17,2022,6,2,Friday
169,2022-06-18,2022,6,2,Saturday
170,2022-06-19,2022,6,2,Sunday
171,2022-06-20,2022,6,2,Monday
172,2022-06-21,2022,6,2,Tuesday
173,2022-06-22,2022,6,2,Wednesday
174,2022-06-23,2022,6,2,Thursday
175,2022-06-24,2022,6,2,Friday
176,2022-06-25,2022,6,2,Saturday
177,2022-06-26,2022,6,2,Sunday
178,2022-06-27,2022,6,2,Monday
179,2022-06-28,2022,6,2,Tuesday
180,2022-06-29,2022,6,2,Wednesday
181,2022-06-30,2022,6,2,Thursday
182,2022-07-01,2022,7,3,Friday
183,2022-07-02,2022,7,3,Saturday
184,2022-07-03,2022,7,3,Sunday
185,2022-07-04,2022,7,3,Monday
186,2022-07-05,2022,7,3,Tuesday
187,2022-07-06,2022,7,3,Wednesday
188,2022-07-07,2022,7,3,Thursday
189,2022-07-08,2022,7,3,Friday
190,2022-07-09,2022,7,3,Saturday
191,2022-07-10,2022,7,3,Sunday
192,2022-07-11,2022,7,3,Monday
193,2022-07-12,2022,7,3,Tuesday
194,2022-07-13,2022,7,3,Wednesday
195,2022-07-14,2022,7,3,Thursday
196,2022-07-15,2022,7,3,Friday
197,2022-07-16,2022,7,3,Saturday
198,2022-07-17,2022,7,3,Sunday
199,2022-07-18,2022,7,3,Monday
200,2022-07-19,2022,7,3,Tuesday
201,2022-07-20,2022,7,3,Wednesday
202,2022-07-21,2022,7,3,Thursday
203,2022-07-22,2022,7,3,Friday
204,2022-07-23,2022,7,3,Saturday
205,2022-07-24,2022,7,3,Sunday
206,2022-07-25,2022,7,3,Monday
207,2022-07-26,2022,7,3,Tuesday
208,2022-07-27,2022,7,3,Wednesday
209,2022-07-28,2022,7,3,Thursday
210,2022-07-29,2022,7,3,Friday
211,2022-07-30,2022,7,3,Saturday
212,2022-07-31,2022,7,3,Sunday
213,2022-08-01,2022,8,3,Monday
214,2022-08-02,2022,8,3,Tuesday
215,2022-08-03,2022,8,3,Wednesday
216,2022-08-04,2022,8,3,Thursday
217,2022-08-05,2022,8,3,Friday
218,2022-08-06,2022,8,3,Saturday
219,2022-08-07,2022,8,3,Sunday
220,2022-08-08,2022,8,3,Monday
221,2022-08-09,2022,8,3,Tuesday
222,2022-08-10,2022,8,3,Wednesday
223,2022-08-11,2022,8,3,Thursday
224,2022-08-12,2022,8,3,Friday
225,2022-08-13,2022,8,3,Saturday
226,2022-08-14,2022,8,3,Sunday
227,2022-08-15,2022,8,3,Monday
228,2022-08-16,2022,8,3,Tuesday
229,2022-08-17,2022,8,3,Wednesday
230,2022-08-18,2022,8,3,Thursday
231,2022-08-19,2022,8,3,Friday
232,2022-08-20,2022,8,3,Saturday
233,2022-08-21,2022,8,3,Sunday
234,2022-08-22,2022,8,3,Monday
235,2022-08-23,2022,8,3,Tuesday
236,2022-08-24,2022,8,3,Wednesday
237,2022-08-25,2022,8,3,Thursday
238,2022-08-26,2022,8,3,Friday
239,2022-08-27,2022,8,3,Saturday
240,2022-08-28,2022,8,3,Sunday
241,2022-08-29,2022,8,3,Monday
242,2022-08-30,2022,8,3,Tuesday
243,2022-08-31,2022,8,3,Wednesday
244,2022-09-01,2022,9,3,Thursday
245,2022-09-02,2022,9,3,Friday
246,2022-09-03,2022,9,3,Saturday
247,2022-09-04,2022,9,3,Sunday
248,2022-09-05,2022,9,3,Monday
249,2022-09-06,2022,9,3,Tuesday
250,2022-09-07,2022,9,3,Wednesday
251,2022-09-08,2022,9,3,Thursday
252,2022-09-09,2022,9,3,Friday
253,2022-09-10,2022,9,3,Saturday
254,2022-09-11,2022,9,3,Sunday
255,2022-09-12,2022,9,3,Monday
256,2022-09-13,2022,9,3,Tuesday
257,2022-09-14,2022,9,3,Wednesday
258,2022-09-15,2022,9,3,Thursday
259,2022-09-16,2022,9,3,Friday
260,2022-09-17,2022,9,3,Saturday
261,2022-09-18,2022,9,3,Sunday
262,2022-09-19,2022,9,3,Monday
263,2022-09-20,2022,9,3,Tuesday
264,2022-09-21,2022,9,3,Wednesday
265,2022-09-22,2022,9,3,Thursday
266,2022-09-23,2022,9,3,Friday
267,2022-09-24,2022,9,3,Saturday
268,2022-09-25,2022,9,3,Sunday
269,2022-09-26,2022,9,3,Monday
270,2022-09-27,2022,9,3,Tuesday
271,2022-09-28,2022,9,3,Wednesday
272,2022-09-29,2022,9,3,Thursday
273,2022-09-30,2022,9,3,Friday
274,2022-10-01,2022,10,4,Saturday
275,2022-10-02,2022,10,4,Sunday
276,2022-10-03,2022,10,4,Monday
277,2022-10-04,2022,10,4,Tuesday
278,2022-10-05,2022,10,4,Wednesday
279,2022-10-06,2022,10,4,Thursday
280,2022-10-07,2022,10,4,Friday
281,2022-10-08,2022,10,4,Saturday
282,2022-10-09,2022,10,4,Sunday
283,2022-10-10,2022,10,4,Monday
284,2022-10-11,2022,10,4,Tuesday
285,2022-10-12,2022,10,4,Wednesday
286,2022-10-13,2022,10,4,Thursday
287,2022-10-14,2022,10,4,Friday
288,2022-10-15,2022,10,4,Saturday
289,2022-10-16,2022,10,4,Sunday
290,2022-10-17,2022,10,4,Monday
291,2022-10-18,2022,10,4,Tuesday
292,2022-10-19,2022,10,4,Wednesday
293,2022-10-20,2022,10,4,Thursday
294,2022-10-21,2022,10,4,Friday
295,2022-10-22,2022,10,4,Saturday
296,2022-10-23,2022,10,4,Sunday
297,2022-10-24,2022,10,4,Monday
298,2022-10-25,2022,10,4,Tuesday
299,2022-10-26,2022,10,4,Wednesday
300,2022-10-27,2022,10,4,Thursday
301,2022-10-28,2022,10,4,Friday
302,2022-10-29,2022,10,4,Saturday
303,2022-10-30,2022,10,4,Sunday
304,2022-10-31,2022,10,4,Monday
305,2022-11-01,2022,11,4,Tuesday
306,2022-11-02,2022,11,4,Wednesday
307,2022-11-03,2022,11,4,Thursday
308,2022-11-04,2022,11,4,Friday
309,2022-11-05,2022,11,4,Saturday
310,2022-11-06,2022,11,4,Sunday
311,2022-11-07,2022,11,4,Monday
312,2022-11-08,2022,11,4,Tuesday
313,2022-11-09,2022,11,4,Wednesday
314,2022-11-10,2022,11,4,Thursday
315,2022-11-11,2022,11,4,Friday
316,2022-11-12,2022,11,4,Saturday
317,2022-11-13,2022,11,4,Sunday
318,2022-11-14,2022,11,4,Monday
319,2022-11-15,2022,11,4,Tuesday
320,2022-11-16,2022,11,4,Wednesday
321,2022-11-17,2022,11,4,Thursday
322,2022-11-18,2022,11,4,Friday
323,2022-11-19,2022,11,4,Saturday
324,2022-11-20,2022,11,4,Sunday
325,2022-11-21,2022,11,4,Monday
326,2022-11-22,2022,11,4,Tuesday
327,2022-11-23,2022,11,4,Wednesday
328,2022-11-24,2022,11,4,Thursday
329,2022-11-25,2022,11,4,Friday
330,2022-11-26,2022,11,4,Saturday
331,2022-11-27,2022,11,4,Sunday
332,2022-11-28,2022,11,4,Monday
333,2022-11-29,2022,11,4,Tuesday
334,2022-11-30,2022,11,4,Wednesday
335,2022-12-01,2022,12,4,Thursday
336,2022-12-02,2022,12,4,Friday
337,2022-12-03,2022,12,4,Saturday
338,2022-12-04,2022,12,4,Sunday
339,2022-12-05,2022,12,4,Monday
340,2022-12-06,2022,12,4,Tuesday
341,2022-12-07,2022,12,4,Wednesday
342,2022-12-08,2022,12,4,Thursday
343,2022-12-09,2022,12,4,Friday
344,2022-12-10,2022,12,4,Saturday
345,2022-12-11,2022,12,4,Sunday
346,2022-12-12,2022,12,4,Monday
347,2022-12-13,2022,12,4,Tuesday
348,2022-12-14,2022,12,4,Wednesday
349,2022-12-15,2022,12,4,Thursday
350,2022-12-16,2022,12,4,Friday
351,2022-12-17,2022,12,4,Saturday
352,2022-12-18,2022,12,4,Sunday
353,2022-12-19,2022,12,4,Monday
354,2022-12-20,2022,12,4,Tuesday
355,2022-12-21,2022,12,4,Wednesday
356,2022-12-22,2022,12,4,Thursday
357,2022-12-23,2022,12,4,Friday
358,2022-12-24,2022,12,4,Saturday
359,2022-12-25,2022,12,4,Sunday
360,2022-12-26,2022,12,4,Monday
361,2022-12-27,2022,12,4,Tuesday
362,2022-12-28,2022,12,4,Wednesday
363,2022-12-29,2022,12,4,Thursday
364,2022-12-30,2022,12,4,Friday
365,2022-12-31,2022,12,4,Saturday
366,2023-01-01,2023,1,1,Sunday
367,2023-01-02,2023,1,1,Monday
368,2023-01-03,2023,1,1,Tuesday
369,2023-01-04,2023,1,1,Wednesday
370,2023-01-05,2023,1,1,Thursday
371,2023-01-06,2023,1,1,Friday
372,2023-01-07,2023,1,1,Saturday
373,2023-01-08,2023,1,1,Sunday
374,2023-01-09,2023,1,1,Monday
375,2023-01-10,2023,1,1,Tuesday
376,2023-01-11,2023,1,1,Wednesday
377,2023-01-12,2023,1,1,Thursday
378,2023-01-13,2023,1,1,Friday
379,2023-01-14,2023,1,1,Saturday
380,2023-01-15,2023,1,1,Sunday
381,2023-01-16,2023,1,1,Monday
382,2023-01-17,2023,1,1,Tuesday
383,2023-01-18,2023,1,1,Wednesday
384,2023-01-19,2023,1,1,Thursday
385,2023-01-20,2023,1,1,Friday
386,2023-01-21,2023,1,1,Saturday
387,2023-01-22,2023,1,1,Sunday
388,2023-01-23,2023,1,1,Monday
389,2023-01-24,2023,1,1,Tuesday
390,2023-01-25,2023,1,1,Wednesday
391,2023-01-26,2023,1,1,Thursday
392,2023-01-27,2023,1,1,Friday
393,2023-01-28,2023,1,1,Saturday
394,2023-01-29,2023,1,1,Sunday
395,2023-01-30,2023,1,1,Monday
396,2023-01-31,2023,1,1,Tuesday
397,2023-02-01,2023,2,1,Wednesday
398,2023-02-02,2023,2,1,Thursday
399,2023-02-03,2023,2,1,Friday
400,2023-02-04,2023,2,1,Saturday
401,2023-02-05,2023,2,1,Sunday
402,2023-02-06,2023,2,1,Monday
403,2023-02-07,2023,2,1,Tuesday
404,2023-02-08,2023,2,1,Wednesday
405,2023-02-09,2023,2,1,Thursday
406,2023-02-10,2023,2,1,Friday
407,2023-02-11,2023,2,1,Saturday
408,2023-02-12,2023,2,1,Sunday
409,2023-02-13,2023,2,1,Monday
410,2023-02-14,2023,2,1,Tuesday
411,2023-02-15,2023,2,1,Wednesday
412,2023-02-16,2023,2,1,Thursday
413,2023-02-17,2023,2,1,Friday
414,2023-02-18,2023,2,1,Saturday
415,2023-02-19,2023,2,1,Sunday
416,2023-02-20,2023,2,1,Monday
417,2023-02-21,2023,2,1,Tuesday
418,2023-02-22,2023,2,1,Wednesday
419,2023-02-23,2023,2,1,Thursday
420,2023-02-24,2023,2,1,Friday
421,2023-02-25,2023,2,1,Saturday
422,2023-02-26,2023,2,1,Sunday
423,2023-02-27,2023,2,1,Monday
424,2023-02-28,2023,2,1,Tuesday
425,2023-03-01,2023,3,1,Wednesday
426,2023-03-02,2023,3,1,Thursday
427,2023-03-03,2023,3,1,Friday
428,2023-03-04,2023,3,1,Saturday
429,2023-03-05,2023,3,1,Sunday
430,2023-03-06,2023,3,1,Monday
431,2023-03-07,2023,3,1,Tuesday
432,2023-03-08,2023,3,1,Wednesday
433,2023-03-09,2023,3,1,Thursday
434,2023-03-10,2023,3,1,Friday
435,2023-03-11,2023,3,1,Saturday
436,2023-03-12,2023,3,1,Sunday
437,2023-03-13,2023,3,1,Monday
438,2023-03-14,2023,3,1,Tuesday
439,2023-03-15,2023,3,1,Wednesday
440,2023-03-16,2023,3,1,Thursday
441,2023-03-17,2023,3,1,Friday
442,2023-03-18,2023,3,1,Saturday
443,2023-03-19,2023,3,1,Sunday
444,2023-03-20,2023,3,1,Monday
445,2023-03-21,2023,3,1,Tuesday
446,2023-03-22,2023,3,1,Wednesday
447,2023-03-23,2023,3,1,Thursday
448,2023-03-24,2023,3,1,Friday
449,2023-03-25,2023,3,1,Saturday
450,2023-03-26,2023,3,1,Sunday
451,2023-03-27,2023,3,1,Monday
452,2023-03-28,2023,3,1,Tuesday
453,2023-03-29,2023,3,1,Wednesday
454,2023-03-30,2023,3,1,Thursday
455,2023-03-31,2023,3,1,Friday
456,2023-04-01,2023,4,2,Saturday
457,2023-04-02,2023,4,2,Sunday
458,2023-04-03,2023,4,2,Monday
459,2023-04-04,2023,4,2,Tuesday
460,2023-04-05,2023,4,2,Wednesday
461,2023-04-06,2023,4,2,Thursday
462,2023-04-07,2023,4,2,Friday
463,2023-04-08,2023,4,2,Saturday
464,2023-04-09,2023,4,2,Sunday
465,2023-04-10,2023,4,2,Monday
466,2023-04-11,2023,4,2,Tuesday
467,2023-04-12,2023,4,2,Wednesday
468,2023-04-13,2023,4,2,Thursday
469,2023-04-14,2023,4,2,Friday
470,2023-04-15,2023,4,2,Saturday
471,2023-04-16,2023,4,2,Sunday
472,2023-04-17,2023,4,2,Monday
473,2023-04-18,2023,4,2,Tuesday
474,2023-04-19,2023,4,2,Wednesday
475,2023-04-20,2023,4,2,Thursday
476,2023-04-21,2023,4,2,Friday
477,2023-04-22,2023,4,2,Saturday
478,2023-04-23,2023,4,2,Sunday
479,2023-04-24,2023,4,2,Monday
480,2023-04-25,2023,4,2,Tuesday
481,2023-04-26,2023,4,2,Wednesday
482,2023-04-27,2023,4,2,Thursday
483,2023-04-28,2023,4,2,Friday
484,2023-04-29,2023,4,2,Saturday
485,2023-04-30,2023,4,2,Sunday
486,2023-05-01,2023,5,2,Monday
487,2023-05-02,2023,5,2,Tuesday
488,2023-05-03,2023,5,2,Wednesday
489,2023-05-04,2023,5,2,Thursday
490,2023-05-05,2023,5,2,Friday
491,2023-05-06,2023,5,2,Saturday
492,2023-05-07,2023,5,2,Sunday
493,2023-05-08,2023,5,2,Monday
494,2023-05-09,2023,5,2,Tuesday
495,2023-05-10,2023,5,2,Wednesday
496,2023-05-11,2023,5,2,Thursday
497,2023-05-12,2023,5,2,Friday
498,2023-05-13,2023,5,2,Saturday
499,2023-05-14,2023,5,2,Sunday
500,2023-05-15,2023,5,2,Monday
501,2023-05-16,2023,5,2,Tuesday
502,2023-05-17,2023,5,2,Wednesday
503,2023-05-18,2023,5,2,Thursday
504,2023-05-19,2023,5,2,Friday
505,2023-05-20,2023,5,2,Saturday
506,2023-05-21,2023,5,2,Sunday
507,2023-05-22,2023,5,2,Monday
508,2023-05-23,2023,5,2,Tuesday
509,2023-05-24,2023,5,2,Wednesday
510,2023-05-25,2023,5,2,Thursday
511,2023-05-26,2023,5,2,Friday
512,2023-05-27,2023,5,2,Saturday
513,2023-05-28,2023,5,2,Sunday
514,2023-05-29,2023,5,2,Monday
515,2023-05-30,2023,5,2,Tuesday
516,2023-05-31,2023,5,2,Wednesday
517,2023-06-01,2023,6,2,Thursday
518,2023-06-02,2023,6,2,Friday
519,2023-06-03,2023,6,2,Saturday
520,2023-06-04,2023,6,2,Sunday
521,2023-06-05,2023,6,2,Monday
522,2023-06-06,2023,6,2,Tuesday
523,2023-06-07,2023,6,2,Wednesday
524,2023-06-08,2023,6,2,Thursday
525,2023-06-09,2023,6,2,Friday
526,2023-06-10,2023,6,2,Saturday
527,2023-06-11,2023,6,2,Sunday
528,2023-06-12,2023,6,2,Monday
529,2023-06-13,2023,6,2,Tuesday
530,2023-06-14,2023,6,2,Wednesday
531,2023-06-15,2023,6,2,Thursday
532,2023-06-16,2023,6,2,Friday
533,2023-06-17,2023,6,2,Saturday
534,2023-06-18,2023,6,2,Sunday
535,2023-06-19,2023,6,2,Monday
536,2023-06-20,2023,6,2,Tuesday
537,2023-06-21,2023,6,2,Wednesday
538,2023-06-22,2023,6,2,Thursday
539,2023-06-23,2023,6,2,Friday
540,2023-06-24,2023,6,2,Saturday
541,2023-06-25,2023,6,2,Sunday
542,2023-06-26,2023,6,2,Monday
543,2023-06-27,2023,6,2,Tuesday
544,2023-06-28,2023,6,2,Wednesday
545,2023-06-29,2023,6,2,Thursday
546,2023-06-30,2023,6,2,Friday
547,2023-07-01,2023,7,3,Saturday
548,2023-07-02,2023,7,3,Sunday
549,2023-07-03,2023,7,3,Monday
550,2023-07-04,2023,7,3,Tuesday
551,2023-07-05,2023,7,3,Wednesday
552,2023-07-06,2023,7,3,Thursday
553,2023-07-07,2023,7,3,Friday
554,2023-07-08,2023,7,3,Saturday
555,2023-07-09,2023,7,3,Sunday
556,2023-07-10,2023,7,3,Monday
557,2023-07-11,2023,7,3,Tuesday
558,2023-07-12,2023,7,3,Wednesday
559,2023-07-13,2023,7,3,Thursday
560,2023-07-14,2023,7,3,Friday
561,2023-07-15,2023,7,3,Saturday
562,2023-07-16,2023,7,3,Sunday
563,2023-07-17,2023,7,3,Monday
564,2023-07-18,2023,7,3,Tuesday
565,2023-07-19,2023,7,3,Wednesday
566,2023-07-20,2023,7,3,Thursday
567,2023-07-21,2023,7,3,Friday
568,2023-07-22,2023,7,3,Saturday
569,2023-07-23,2023,7,3,Sunday
570,2023-07-24,2023,7,3,Monday
571,2023-07-25,2023,7,3,Tuesday
572,2023-07-26,2023,7,3,Wednesday
573,2023-07-27,2023,7,3,Thursday
574,2023-07-28,2023,7,3,Friday
575,2023-07-29,2023,7,3,Saturday
576,2023-07-30,2023,7,3,Sunday
577,2023-07-31,2023,7,3,Monday
578,2023-08-01,2023,8,3,Tuesday
579,2023-08-02,2023,8,3,Wednesday
580,2023-08-03,2023,8,3,Thursday
581,2023-08-04,2023,8,3,Friday
582,2023-08-05,2023,8,3,Saturday
583,2023-08-06,2023,8,3,Sunday
584,2023-08-07,2023,8,3,Monday
585,2023-08-08,2023,8,3,Tuesday
586,2023-08-09,2023,8,3,Wednesday
587,2023-08-10,2023,8,3,Thursday
588,2023-08-11,2023,8,3,Friday
589,2023-08-12,2023,8,3,Saturday
590,2023-08-13,2023,8,3,Sunday
591,2023-08-14,2023,8,3,Monday
592,2023-08-15,2023,8,3,Tuesday
593,2023-08-16,2023,8,3,Wednesday
594,2023-08-17,2023,8,3,Thursday
595,2023-08-18,2023,8,3,Friday
596,2023-08-19,2023,8,3,Saturday
597,2023-08-20,2023,8,3,Sunday
598,2023-08-21,2023,8,3,Monday
599,2023-08-22,2023,8,3,Tuesday
600,2023-08-23,2023,8,3,Wednesday
601,2023-08-24,2023,8,3,Thursday
602,2023-08-25,2023,8,3,Friday
603,2023-08-26,2023,8,3,Saturday
604,2023-08-27,2023,8,3,Sunday
605,2023-08-28,2023,8,3,Monday
606,2023-08-29,2023,8,3,Tuesday
607,2023-08-30,2023,8,3,Wednesday
608,2023-08-31,2023,8,3,Thursday
609,2023-09-01,2023,9,3,Friday
610,2023-09-02,2023,9,3,Saturday
611,2023-09-03,2023,9,3,Sunday
612,2023-09-04,2023,9,3,Monday
613,2023-09-05,2023,9,3,Tuesday
614,2023-09-06,2023,9,3,Wednesday
615,2023-09-07,2023,9,3,Thursday
616,2023-09-08,2023,9,3,Friday
617,2023-09-09,2023,9,3,Saturday
618,2023-09-10,2023,9,3,Sunday
619,2023-09-11,2023,9,3,Monday
620,2023-09-12,2023,9,3,Tuesday
621,2023-09-13,2023,9,3,Wednesday
622,2023-09-14,2023,9,3,Thursday
623,2023-09-15,2023,9,3,Friday
624,2023-09-16,2023,9,3,Saturday
625,2023-09-17,2023,9,3,Sunday
626,2023-09-18,2023,9,3,Monday
627,2023-09-19,2023,9,3,Tuesday
628,2023-09-20,2023,9,3,Wednesday
629,2023-09-21,2023,9,3,Thursday
630,2023-09-22,2023,9,3,Friday
631,2023-09-23,2023,9,3,Saturday
632,2023-09-24,2023,9,3,Sunday
633,2023-09-25,2023,9,3,Monday
634,2023-09-26,2023,9,3,Tuesday
635,2023-09-27,2023,9,3,Wednesday
636,2023-09-28,2023,9,3,Thursday
637,2023-09-29,2023,9,3,Friday
638,2023-09-30,2023,9,3,Saturday
639,2023-10-01,2023,10,4,Sunday
640,2023-10-02,2023,10,4,Monday
641,2023-10-03,2023,10,4,Tuesday
642,2023-10-04,2023,10,4,Wednesday
643,2023-10-05,2023,10,4,Thursday
644,2023-10-06,2023,10,4,Friday
645,2023-10-07,2023,10,4,Saturday
646,2023-10-08,2023,10,4,Sunday
647,2023-10-09,2023,10,4,Monday
648,2023-10-10,2023,10,4,Tuesday
649,2023-10-11,2023,10,4,Wednesday
650,2023-10-12,2023,10,4,Thursday
651,2023-10-13,2023,10,4,Friday
652,2023-10-14,2023,10,4,Saturday
653,2023-10-15,2023,10,4,Sunday
654,2023-10-16,2023,10,4,Monday
655,2023-10-17,2023,10,4,Tuesday
656,2023-10-18,2023,10,4,Wednesday
657,2023-10-19,2023,10,4,Thursday
658,2023-10-20,2023,10,4,Friday
659,2023-10-21,2023,10,4,Saturday
660,2023-10-22,2023,10,4,Sunday
661,2023-10-23,2023,10,4,Monday
662,2023-10-24,2023,10,4,Tuesday
663,2023-10-25,2023,10,4,Wednesday
664,2023-10-26,2023,10,4,Thursday
665,2023-10-27,2023,10,4,Friday
666,2023-10-28,2023,10,4,Saturday
667,2023-10-29,2023,10,4,Sunday
668,2023-10-30,2023,10,4,Monday
669,2023-10-31,2023,10,4,Tuesday
670,2023-11-01,2023,11,4,Wednesday
671,2023-11-02,2023,11,4,Thursday
672,2023-11-03,2023,11,4,Friday
673,2023-11-04,2023,11,4,Saturday
674,2023-11-05,2023,11,4,Sunday
675,2023-11-06,2023,11,4,Monday
676,2023-11-07,2023,11,4,Tuesday
677,2023-11-08,2023,11,4,Wednesday
678,2023-11-09,2023,11,4,Thursday
679,2023-11-10,2023,11,4,Friday
680,2023-11-11,2023,11,4,Saturday
681,2023-11-12,2023,11,4,Sunday
682,2023-11-13,2023,11,4,Monday
683,2023-11-14,2023,11,4,Tuesday
684,2023-11-15,2023,11,4,Wednesday
685,2023-11-16,2023,11,4,Thursday
686,2023-11-17,2023,11,4,Friday
687,2023-11-18,2023,11,4,Saturday
688,2023-11-19,2023,11,4,Sunday
689,2023-11-20,2023,11,4,Monday
690,2023-11-21,2023,11,4,Tuesday
691,2023-11-22,2023,11,4,Wednesday
692,2023-11-23,2023,11,4,Thursday
693,2023-11-24,2023,11,4,Friday
694,2023-11-25,2023,11,4,Saturday
695,2023-11-26,2023,11,4,Sunday
696,2023-11-27,2023,11,4,Monday
697,2023-11-28,2023,11,4,Tuesday
698,2023-11-29,2023,11,4,Wednesday
699,2023-11-30,2023,11,4,Thursday
700,2023-12-01,2023,12,4,Friday
701,2023-12-02,2023,12,4,Saturday
702,2023-12-03,2023,12,4,Sunday
703,2023-12-04,2023,12,4,Monday
704,2023-12-05,2023,12,4,Tuesday
705,2023-12-06,2023,12,4,Wednesday
706,2023-12-07,2023,12,4,Thursday
707,2023-12-08,2023,12,4,Friday
708,2023-12-09,2023,12,4,Saturday
709,2023-12-10,2023,12,4,Sunday
710,2023-12-11,2023,12,4,Monday
711,2023-12-12,2023,12,4,Tuesday
712,2023-12-13,2023,12,4,Wednesday
713,2023-12-14,2023,12,4,Thursday
714,2023-12-15,2023,12,4,Friday
715,2023-12-16,2023,12,4,Saturday
716,2023-12-17,2023,12,4,Sunday
717,2023-12-18,2023,12,4,Monday
718,2023-12-19,2023,12,4,Tuesday
719,2023-12-20,2023,12,4,Wednesday
720,2023-12-21,2023,12,4,Thursday
721,2023-12-22,2023,12,4,Friday
722,2023-12-23,2023,12,4,Saturday
723,2023-12-24,2023,12,4,Sunday
724,2023-12-25,2023,12,4,Monday
725,2023-12-26,2023,12,4,Tuesday
726,2023-12-27,2023,12,4,Wednesday
727,2023-12-28,2023,12,4,Thursday
728,2023-12-29,2023,12,4,Friday
729,2023-12-30,2023,12,4,Saturday
730,2023-12-31,2023,12,4,Sunday
731,2024-01-01,2024,1,1,Monday
732,2024-01-02,2024,1,1,Tuesday
733,2024-01-03,2024,1,1,Wednesday
734,2024-01-04,2024,1,1,Thursday
735,2024-01-05,2024,1,1,Friday
736,2024-01-06,2024,1,1,Saturday
737,2024-01-07,2024,1,1,Sunday
738,2024-01-08,2024,1,1,Monday
739,2024-01-09,2024,1,1,Tuesday
740,2024-01-10,2024,1,1,Wednesday
741,2024-01-11,2024,1,1,Thursday
742,2024-01-12,2024,1,1,Friday
743,2024-01-13,2024,1,1,Saturday
744,2024-01-14,2024,1,1,Sunday
745,2024-01-15,2024,1,1,Monday
746,2024-01-16,2024,1,1,Tuesday
747,2024-01-17,2024,1,1,Wednesday
748,2024-01-18,2024,1,1,Thursday
749,2024-01-19,2024,1,1,Friday
750,2024-01-20,2024,1,1,Saturday
751,2024-01-21,2024,1,1,Sunday
752,2024-01-22,2024,1,1,Monday
753,2024-01-23,2024,1,1,Tuesday
754,2024-01-24,2024,1,1,Wednesday
755,2024-01-25,2024,1,1,Thursday
756,2024-01-26,2024,1,1,Friday
757,2024-01-27,2024,1,1,Saturday
758,2024-01-28,2024,1,1,Sunday
759,2024-01-29,2024,1,1,Monday
760,2024-01-30,2024,1,1,Tuesday
761,2024-01-31,2024,1,1,Wednesday
762,2024-02-01,2024,2,1,Thursday
763,2024-02-02,2024,2,1,Friday
764,2024-02-03,2024,2,1,Saturday
765,2024-02-04,2024,2,1,Sunday
766,2024-02-05,2024,2,1,Monday
767,2024-02-06,2024,2,1,Tuesday
768,2024-02-07,2024,2,1,Wednesday
769,2024-02-08,2024,2,1,Thursday
770,2024-02-09,2024,2,1,Friday
771,2024-02-10,2024,2,1,Saturday
772,2024-02-11,2024,2,1,Sunday
773,2024-02-12,2024,2,1,Monday
774,2024-02-13,2024,2,1,Tuesday
775,2024-02-14,2024,2,1,Wednesday
776,2024-02-15,2024,2,1,Thursday
777,2024-02-16,2024,2,1,Friday
778,2024-02-17,2024,2,1,Saturday
779,2024-02-18,2024,2,1,Sunday
780,2024-02-19,2024,2,1,Monday
781,2024-02-20,2024,2,1,Tuesday
782,2024-02-21,2024,2,1,Wednesday
783,2024-02-22,2024,2,1,Thursday
784,2024-02-23,2024,2,1,Friday
785,2024-02-24,2024,2,1,Saturday
786,2024-02-25,2024,2,1,Sunday
787,2024-02-26,2024,2,1,Monday
788,2024-02-27,2024,2,1,Tuesday
789,2024-02-28,2024,2,1,Wednesday
790,2024-02-29,2024,2,1,Thursday
791,2024-03-01,2024,3,1,Friday
792,2024-03-02,2024,3,1,Saturday
793,2024-03-03,2024,3,1,Sunday
794,2024-03-04,2024,3,1,Monday
795,2024-03-05,2024,3,1,Tuesday
796,2024-03-06,2024,3,1,Wednesday
797,2024-03-07,2024,3,1,Thursday
798,2024-03-08,2024,3,1,Friday
799,2024-03-09,2024,3,1,Saturday
800,2024-03-10,2024,3,1,Sunday
801,2024-03-11,2024,3,1,Monday
802,2024-03-12,2024,3,1,Tuesday
803,2024-03-13,2024,3,1,Wednesday
804,2024-03-14,2024,3,1,Thursday
805,2024-03-15,2024,3,1,Friday
806,2024-03-16,2024,3,1,Saturday
807,2024-03-17,2024,3,1,Sunday
808,2024-03-18,2024,3,1,Monday
809,2024-03-19,2024,3,1,Tuesday
810,2024-03-20,2024,3,1,Wednesday
811,2024-03-21,2024,3,1,Thursday
812,2024-03-22,2024,3,1,Friday
813,2024-03-23,2024,3,1,Saturday
814,2024-03-24,2024,3,1,Sunday
815,2024-03-25,2024,3,1,Monday
816,2024-03-26,2024,3,1,Tuesday
817,2024-03-27,2024,3,1,Wednesday
818,2024-03-28,2024,3,1,Thursday
819,2024-03-29,2024,3,1,Friday
820,2024-03-30,2024,3,1,Saturday
821,2024-03-31,2024,3,1,Sunday
822,2024-04-01,2024,4,2,Monday
823,2024-04-02,2024,4,2,Tuesday
824,2024-04-03,2024,4,2,Wednesday
825,2024-04-04,2024,4,2,Thursday
826,2024-04-05,2024,4,2,Friday
827,2024-04-06,2024,4,2,Saturday
828,2024-04-07,2024,4,2,Sunday
829,2024-04-08,2024,4,2,Monday
830,2024-04-09,2024,4,2,Tuesday
831,2024-04-10,2024,4,2,Wednesday
832,2024-04-11,2024,4,2,Thursday
833,2024-04-12,2024,4,2,Friday
834,2024-04-13,2024,4,2,Saturday
835,2024-04-14,2024,4,2,Sunday
836,2024-04-15,2024,4,2,Monday
837,2024-04-16,2024,4,2,Tuesday
838,2024-04-17,2024,4,2,Wednesday
839,2024-04-18,2024,4,2,Thursday
840,2024-04-19,2024,4,2,Friday
841,2024-04-20,2024,4,2,Saturday
842,2024-04-21,2024,4,2,Sunday
843,2024-04-22,2024,4,2,Monday
844,2024-04-23,2024,4,2,Tuesday
845,2024-04-24,2024,4,2,Wednesday
846,2024-04-25,2024,4,2,Thursday
847,2024-04-26,2024,4,2,Friday
848,2024-04-27,2024,4,2,Saturday
849,2024-04-28,2024,4,2,Sunday
850,2024-04-29,2024,4,2,Monday
851,2024-04-30,2024,4,2,Tuesday
852,2024-05-01,2024,5,2,Wednesday
853,2024-05-02,2024,5,2,Thursday
854,2024-05-03,2024,5,2,Friday
855,2024-05-04,2024,5,2,Saturday
856,2024-05-05,2024,5,2,Sunday
857,2024-05-06,2024,5,2,Monday
858,2024-05-07,2024,5,2,Tuesday
859,2024-05-08,2024,5,2,Wednesday
860,2024-05-09,2024,5,2,Thursday
861,2024-05-10,2024,5,2,Friday
862,2024-05-11,2024,5,2,Saturday
863,2024-05-12,2024,5,2,Sunday
864,2024-05-13,2024,5,2,Monday
865,2024-05-14,2024,5,2,Tuesday
866,2024-05-15,2024,5,2,Wednesday
867,2024-05-16,2024,5,2,Thursday
868,2024-05-17,2024,5,2,Friday
869,2024-05-18,2024,5,2,Saturday
870,2024-05-19,2024,5,2,Sunday
871,2024-05-20,2024,5,2,Monday
872,2024-05-21,2024,5,2,Tuesday
873,2024-05-22,2024,5,2,Wednesday
874,2024-05-23,2024,5,2,Thursday
875,2024-05-24,2024,5,2,Friday
876,2024-05-25,2024,5,2,Saturday
877,2024-05-26,2024,5,2,Sunday
878,2024-05-27,2024,5,2,Monday
879,2024-05-28,2024,5,2,Tuesday
880,2024-05-29,2024,5,2,Wednesday
881,2024-05-30,2024,5,2,Thursday
882,2024-05-31,2024,5,2,Friday
883,2024-06-01,2024,6,2,Saturday
884,2024-06-02,2024,6,2,Sunday
885,2024-06-03,2024,6,2,Monday
886,2024-06-04,2024,6,2,Tuesday
887,2024-06-05,2024,6,2,Wednesday
888,2024-06-06,2024,6,2,Thursday
889,2024-06-07,2024,6,2,Friday
890,2024-06-08,2024,6,2,Saturday
891,2024-06-09,2024,6,2,Sunday
892,2024-06-10,2024,6,2,Monday
893,2024-06-11,2024,6,2,Tuesday
894,2024-06-12,2024,6,2,Wednesday
895,2024-06-13,2024,6,2,Thursday
896,2024-06-14,2024,6,2,Friday
897,2024-06-15,2024,6,2,Saturday
898,2024-06-16,2024,6,2,Sunday
899,2024-06-17,2024,6,2,Monday
900,2024-06-18,2024,6,2,Tuesday
901,2024-06-19,2024,6,2,Wednesday
902,2024-06-20,2024,6,2,Thursday
903,2024-06-21,2024,6,2,Friday
904,2024-06-22,2024,6,2,Saturday
905,2024-06-23,2024,6,2,Sunday
906,2024-06-24,2024,6,2,Monday
907,2024-06-25,2024,6,2,Tuesday
908,2024-06-26,2024,6,2,Wednesday
909,2024-06-27,2024,6,2,Thursday
910,2024-06-28,2024,6,2,Friday
911,2024-06-29,2024,6,2,Saturday
912,2024-06-30,2024,6,2,Sunday
913,2024-07-01,2024,7,3,Monday
914,2024-07-02,2024,7,3,Tuesday
915,2024-07-03,2024,7,3,Wednesday
916,2024-07-04,2024,7,3,Thursday
917,2024-07-05,2024,7,3,Friday
918,2024-07-06,2024,7,3,Saturday
919,2024-07-07,2024,7,3,Sunday
920,2024-07-08,2024,7,3,Monday
921,2024-07-09,2024,7,3,Tuesday
922,2024-07-10,2024,7,3,Wednesday
923,2024-07-11,2024,7,3,Thursday
924,2024-07-12,2024,7,3,Friday
925,2024-07-13,2024,7,3,Saturday
926,2024-07-14,2024,7,3,Sunday
927,2024-07-15,2024,7,3,Monday
928,2024-07-16,2024,7,3,Tuesday
929,2024-07-17,2024,7,3,Wednesday
930,2024-07-18,2024,7,3,Thursday
931,2024-07-19,2024,7,3,Friday
932,2024-07-20,2024,7,3,Saturday
933,2024-07-21,2024,7,3,Sunday
934,2024-07-22,2024,7,3,Monday
935,2024-07-23,2024,7,3,Tuesday
936,2024-07-24,2024,7,3,Wednesday
937,2024-07-25,2024,7,3,Thursday
938,2024-07-26,2024,7,3,Friday
939,2024-07-27,2024,7,3,Saturday
940,2024-07-28,2024,7,3,Sunday
941,2024-07-29,2024,7,3,Monday
942,2024-07-30,2024,7,3,Tuesday
943,2024-07-31,2024,7,3,Wednesday
944,2024-08-01,2024,8,3,Thursday
945,2024-08-02,2024,8,3,Friday
946,2024-08-03,2024,8,3,Saturday
947,2024-08-04,2024,8,3,Sunday
948,2024-08-05,2024,8,3,Monday
949,2024-08-06,2024,8,3,Tuesday
950,2024-08-07,2024,8,3,Wednesday
951,2024-08-08,2024,8,3,Thursday
952,2024-08-09,2024,8,3,Friday
953,2024-08-10,2024,8,3,Saturday
954,2024-08-11,2024,8,3,Sunday
955,2024-08-12,2024,8,3,Monday
956,2024-08-13,2024,8,3,Tuesday
957,2024-08-14,2024,8,3,Wednesday
958,2024-08-15,2024,8,3,Thursday
959,2024-08-16,2024,8,3,Friday
960,2024-08-17,2024,8,3,Saturday
961,2024-08-18,2024,8,3,Sunday
962,2024-08-19,2024,8,3,Monday
963,2024-08-20,2024,8,3,Tuesday
964,2024-08-21,2024,8,3,Wednesday
965,2024-08-22,2024,8,3,Thursday
966,2024-08-23,2024,8,3,Friday
967,2024-08-24,2024,8,3,Saturday
968,2024-08-25,2024,8,3,Sunday
969,2024-08-26,2024,8,3,Monday
970,2024-08-27,2024,8,3,Tuesday
971,2024-08-28,2024,8,3,Wednesday
972,2024-08-29,2024,8,3,Thursday
973,2024-08-30,2024,8,3,Friday
974,2024-08-31,2024,8,3,Saturday
975,2024-09-01,2024,9,3,Sunday
976,2024-09-02,2024,9,3,Monday
977,2024-09-03,2024,9,3,Tuesday
978,2024-09-04,2024,9,3,Wednesday
979,2024-09-05,2024,9,3,Thursday
980,2024-09-06,2024,9,3,Friday
981,2024-09-07,2024,9,3,Saturday
982,2024-09-08,2024,9,3,Sunday
983,2024-09-09,2024,9,3,Monday
984,2024-09-10,2024,9,3,Tuesday
985,2024-09-11,2024,9,3,Wednesday
986,2024-09-12,2024,9,3,Thursday
987,2024-09-13,2024,9,3,Friday
988,2024-09-14,2024,9,3,Saturday
989,2024-09-15,2024,9,3,Sunday
990,2024-09-16,2024,9,3,Monday
991,2024-09-17,2024,9,3,Tuesday
992,2024-09-18,2024,9,3,Wednesday
993,2024-09-19,2024,9,3,Thursday
994,2024-09-20,2024,9,3,Friday
995,2024-09-21,2024,9,3,Saturday
996,2024-09-22,2024,9,3,Sunday
997,2024-09-23,2024,9,3,Monday
998,2024-09-24,2024,9,3,Tuesday
999,2024-09-25,2024,9,3,Wednesday
1000,2024-09-26,2024,9,3,Thursday
1001,2024-09-27,2024,9,3,Friday
1002,2024-09-28,2024,9,3,Saturday
1003,2024-09-29,2024,9,3,Sunday
1004,2024-09-30,2024,9,3,Monday
1005,2024-10-01,2024,10,4,Tuesday
1006,2024-10-02,2024,10,4,Wednesday
1007,2024-10-03,2024,10,4,Thursday
1008,2024-10-04,2024,10,4,Friday
1009,2024-10-05,2024,10,4,Saturday
1010,2024-10-06,2024,10,4,Sunday
1011,2024-10-07,2024,10,4,Monday
1012,2024-10-08,2024,10,4,Tuesday
1013,2024-10-09,2024,10,4,Wednesday
1014,2024-10-10,2024,10,4,Thursday
1015,2024-10-11,2024,10,4,Friday
1016,2024-10-12,2024,10,4,Saturday
1017,2024-10-13,2024,10,4,Sunday
1018,2024-10-14,2024,10,4,Monday
1019,2024-10-15,2024,10,4,Tuesday
1020,2024-10-16,2024,10,4,Wednesday
1021,2024-10-17,2024,10,4,Thursday
1022,2024-10-18,2024,10,4,Friday
1023,2024-10-19,2024,10,4,Saturday
1024,2024-10-20,2024,10,4,Sunday
1025,2024-10-21,2024,10,4,Monday
1026,2024-10-22,2024,10,4,Tuesday
1027,2024-10-23,2024,10,4,Wednesday
1028,2024-10-24,2024,10,4,Thursday
1029,2024-10-25,2024,10,4,Friday
1030,2024-10-26,2024,10,4,Saturday
1031,2024-10-27,2024,10,4,Sunday
1032,2024-10-28,2024,10,4,Monday
1033,2024-10-29,2024,10,4,Tuesday
1034,2024-10-30,2024,10,4,Wednesday
1035,2024-10-31,2024,10,4,Thursday
1036,2024-11-01,2024,11,4,Friday
1037,2024-11-02,2024,11,4,Saturday
1038,2024-11-03,2024,11,4,Sunday
1039,2024-11-04,2024,11,4,Monday
1040,2024-11-05,2024,11,4,Tuesday
1041,2024-11-06,2024,11,4,Wednesday
1042,2024-11-07,2024,11,4,Thursday
1043,2024-11-08,2024,11,4,Friday
1044,2024-11-09,2024,11,4,Saturday
1045,2024-11-10,2024,11,4,Sunday
1046,2024-11-11,2024,11,4,Monday
1047,2024-11-12,2024,11,4,Tuesday
1048,2024-11-13,2024,11,4,Wednesday
1049,2024-11-14,2024,11,4,Thursday
1050,2024-11-15,2024,11,4,Friday
1051,2024-11-16,2024,11,4,Saturday
1052,2024-11-17,2024,11,4,Sunday
1053,2024-11-18,2024,11,4,Monday
1054,2024-11-19,2024,11,4,Tuesday
1055,2024-11-20,2024,11,4,Wednesday
1056,2024-11-21,2024,11,4,Thursday
1057,2024-11-22,2024,11,4,Friday
1058,2024-11-23,2024,11,4,Saturday
1059,2024-11-24,2024,11,4,Sunday
1060,2024-11-25,2024,11,4,Monday
1061,2024-11-26,2024,11,4,Tuesday
1062,2024-11-27,2024,11,4,Wednesday
1063,2024-11-28,2024,11,4,Thursday
1064,2024-11-29,2024,11,4,Friday
1065,2024-11-30,2024,11,4,Saturday
1066,2024-12-01,2024,12,4,Sunday
1067,2024-12-02,2024,12,4,Monday
1068,2024-12-03,2024,12,4,Tuesday
1069,2024-12-04,2024,12,4,Wednesday
1070,2024-12-05,2024,12,4,Thursday
1071,2024-12-06,2024,12,4,Friday
1072,2024-12-07,2024,12,4,Saturday
1073,2024-12-08,2024,12,4,Sunday
1074,2024-12-09,2024,12,4,Monday
1075,2024-12-10,2024,12,4,Tuesday
1076,2024-12-11,2024,12,4,Wednesday
1077,2024-12-12,2024,12,4,Thursday
1078,2024-12-13,2024,12,4,Friday
1079,2024-12-14,2024,12,4,Saturday
1080,2024-12-15,2024,12,4,Sunday
1081,2024-12-16,2024,12,4,Monday
1082,2024-12-17,2024,12,4,Tuesday
1083,2024-12-18,2024,12,4,Wednesday
1084,2024-12-19,2024,12,4,Thursday
1085,2024-12-20,2024,12,4,Friday
1086,2024-12-21,2024,12,4,Saturday
1087,2024-12-22,2024,12,4,Sunday
1088,2024-12-23,2024,12,4,Monday
1089,2024-12-24,2024,12,4,Tuesday
1090,2024-12-25,2024,12,4,Wednesday
1091,2024-12-26,2024,12,4,Thursday
1092,2024-12-27,2024,12,4,Friday
1093,2024-12-28,2024,12,4,Saturday
1094,2024-12-29,2024,12,4,Sunday
1095,2024-12-30,2024,12,4,Monday
